"location","genotype","ref","alt","dbSNP","gene","transcript","coding","AAchange","MutationTaster","SIFT","Polyphen2","coverage","ref_freq","alt_freq"
"chr1:201012597","G/A","G","A","rs41267497","CACNA1S","ENST00000367338","c.4860N>T",".",".",".",".","65 G(36) A(29)",0.9539,0.04613
"chr1:201016296","G/A","G","A","rs3850625","CACNA1S","ENST00000362061","c.4558N>T","p.Arg1520Cys","P","D","P","184 G(110) A(73)",0.9159,0.08407
"chr1:201020105","A/G","A","G","rs6702590","CACNA1S","NM_000069.2",".",".",".",".",".","156 A(72) G(82)",0.1196,0.8804
"chr1:201042618","G/A","G","A","rs9333652","CACNA1S","XM_005245478.1",".",".",".",".",".","140 G(72) A(66)",0.4087,0.5913
"chr1:201044748","A/G","A","G","rs1998721","CACNA1S","ENST00000367338",".",".",".",".",".","222 A(103) G(118)",0.2404,0.7596
"chr1:201047062","G/A","G","A","rs4915476","CACNA1S","ENST00000362061","c.1564N>T",".",".",".",".","128 G(62) A(65)",0.8091,0.1909
"chr1:201047075","A/G","A","G","rs4915477","CACNA1S","NM_000069.2","c.1551N>C",".",".",".",".","137 A(61) G(73)",0.4289,0.5711
"chr1:201054197","G/T","G","T","rs41267505","CACNA1S","NM_000069.2",".",".",".",".",".","93 G(46) T(39)",0.8714,0.1286
"chr1:201060865","G/A","G","A","rs2296383","CACNA1S","NM_000069.2","c.597N>T",".",".",".",".","42 G(20) A(22)",0.6949,0.3051
"chr11:66469032","T/C","T","C","rs532439","SPTBN2","NM_006946.2",".",".",".",".",".","90 T(48) C(42)",0.2466,0.7534
"chr11:66481264","T/T","C","T","rs615536","SPTBN2","ENST00000309996",".",".",".",".",".","124 C(0) T(124)",0.1158,0.8842
"chr12:2692186","T/G","T","G","rs3751254","CACNA1C","NM_001129839.1",".",".",".",".",".","12 T(8) G(4)",0.3674,0.6326
"chr12:2760970","A/A","G","A","rs1990322","CACNA1C","ENST00000399649",".",".",".",".",".","36 G(0) A(36)",0.4461,0.5539
"chr12:2788879","A/A","G","A","rs1051375","CACNA1C-AS1;CACNA1C","NM_001129829.1","c.5412N>A",".",".",".",".","62 G(0) A(60)",0.4736,0.5264
"chr12:2791130","T/T","C","T","rs10848683","CACNA1C-AS1;CACNA1C","NM_001129846.1","c.5459N>T","p.Pro1820Leu","P","T","B","90 C(0) T(90)",0.3309,0.6691
"chr12:2791132","G/G","A","G","rs10774053","CACNA1C-AS1;CACNA1C","ENST00000501371","c.5461N>G","p.Met1821Val","P","T","B","91 A(0) G(91)",0.2294,0
"chr12:52080965","T/T","C","T","rs4761829","SCN8A","ENST00000354534","c.576N>T",".",".",".",".","19 C(1) T(18)",0.2151,0.7849
"chr12:52163789","A/A","G","A","rs303808","SCN8A","ENST00000548086",".",".",".",".",".","114 G(1) A(112)",0.2925,0.7075
"chr12:52184271","C/C","T","C","rs303815","SCN8A","ENST00000354534","c.4386N>C",".",".",".",".","84 T(0) C(83)",0.4962,0.5038
"chr12:52200742","A/A","C","A","rs60637","SCN8A","ENST00000599343","c.5505N>A",".",".",".",".","39 C(2) A(37)",0.511,0.489
"chr12:74932159","C/C","G","C","rs590352","ATXN7L3B","ENST00000519948","c.267N>C",".",".",".",".","64 G(0) C(64)",0.3307,0.6693
"chr12:112036929","A/A","G","A","rs695872","ATXN2","ENST00000542287","c.390N>T",".",".",".",".","17 G(1) A(16)",0.5557,0.4443
"chr12:112037000","C/C","G","C","rs695871","ATXN2","ENST00000548492","c.319N>G","p.Leu107Val","P","T","B","14 G(0) C(14)",0.5557,0.4443
"chr13:52511362","C/G","C","G","rs9535795","ATP7B","XM_005266426.1",".",".",".",".",".","345 C(181) G(162)",0.4683,0.5317
"chr13:52511606","G/A","G","A","rs2282057","ATP7B","ENST00000344297",".",".",".",".",".","99 G(48) A(49)",0.4982,0.5018
"chr13:52515354","A/G","A","G","rs1801249","ATP7B","NM_001005918.2","c.1703N>C","p.Val568Ala","P","T","B","76 A(39) G(34)",0.4595,0.5405
"chr13:52523808","C/T","C","T","rs732774","ATP7B","ENST00000466629","c.2819N>A","p.Arg940Lys","P","T","B","87 C(41) T(46)",0.469,0.531
"chr13:52524488","T/C","T","C","rs1061472","ATP7B","XM_005266432.1","c.311N>G","p.Lys104Arg","P","T","P","122 T(64) C(58)",0.4976,0.5024
"chr13:52524560","C/T","C","T","rs9526811","ATP7B","XM_005266425.1",".",".",".",".",".","91 C(44) T(47)",0.6931,0
"chr13:52544805","C/G","C","G","rs1801244","ATP7B","ENST00000344297","c.1366N>C","p.Val456Leu","P","T","B","55 C(33) G(21)",0.623,0
"chr13:52548140","A/C","A","C","rs1801243","ATP7B","XM_005266427.1","c.1120N>G","p.Ser374Ala","P","T","B","10 A(4) C(5)",0.6238,0.3762
"chr16:28890131","A/A","C","A","rs62037371","ATP2A1-AS1;NPIPL1","ENST00000337120",".",".",".",".",".","95 C(0) A(95)",0.7386,0.2614
"chr16:28896015","T/T","C","T","rs11642449","NPIPB8;NPIPL1","XM_005255337.1",".",".",".",".",".","140 C(0) T(140)",0.7526,0.2474
"chr16:28898793","C/C","T","C","rs6565259","NPIPB8;NPIPL1","NM_173201.3","c.678N>C",".",".",".",".","162 T(0) C(162)",0.6611,0.3389
"chr16:28905547","C/T","C","T","rs41292388","NPIPB8;NPIPL1","NM_173201.3","c.1167N>T",".",".",".",".","75 C(32) T(41)",0.9986,0.001398
"chr16:66511627","A/G","A","G","rs11075636","LOC101927726;BEAN1","XR_243462.1",".",".",".",".",".","76 A(40) G(36)",0.6184,0.3816
"chr17:42272586","G/A","G","A","rs11652516","ATXN7L3","ENST00000538716",".",".",".",".",".","88 G(36) A(50)",0.9643,0.03574
"chr17:42273151","G/A","G","A","rs199654550","ATXN7L3","ENST00000319511",".",".",".",".",".","95 G(56) A(39)",0.9998,0.0001997
"chr17:62018773","T/C","T","C","rs2070720","SCN4A","XM_005257566.1","c.4869N>G",".",".",".",".","155 T(79) C(76)",0.5811,0.4189
"chr17:62020348","T/C","T","C","rs2058194","SCN4A","ENST00000435607","c.4126N>G","p.Asn1376Asp","P","T","B","177 T(75) C(102)",0.4385,0.5615
"chr17:62042078","C/C","T","C","rs2877373","SCN4A","XM_005257566.1",".",".",".",".",".","65 T(0) C(63)",0.1917,0.8083
"chr18:12337688","C/C","G","C","rs78550590","AFG3L2","ENST00000586691",".",".",".",".",".","77 G(0) C(76)",0.9279,0.07208
"chr18:12348285","C/C","T","C","rs11553521","AFG3L2","ENST00000586691","c.1650N>G",".",".",".",".","106 T(0) C(106)",0.2901,0.7099
"chr18:12351342","T/T","C","T","rs11080572","AFG3L2","NM_006796.2","c.1389N>A",".",".",".",".","118 C(0) T(118)",0.3768,0.6232
"chr18:12359920","A/A","G","A","rs8097342","AFG3L2","ENST00000591848",".",".",".",".",".","36 G(0) A(36)",0.3804,0.6196
"chr19:35524824","T/C","T","C","rs55742440","SCN1B","ENST00000262631","c.629N>C","p.Leu210Pro","P","D","B","237 T(113) C(124)",0.6224,0.3776
"chr2:165987772","G/G","T","G","rs62174900","SCN2A;SCN3A","ENST00000360093","c.2400N>C",".",".",".",".","32 T(1) G(31)",0.8183,0
"chr2:166003479","A/A","G","A","rs16850131","SCN2A;SCN3A","XM_005246750.1","c.1441N>T",".",".",".",".","177 G(0) A(177)",0.7426,0.2574
"chr2:166003573","T/T","C","T","rs58539679","SCN2A;SCN3A","ENST00000409101",".",".",".",".",".","171 C(0) T(171)",0.743,0.257
"chr2:166170127","C/C","T","C","rs2121371","SCN2A","XM_005246750.1",".",".",".",".",".","86 T(0) C(86)",0.2276,0.7724
"chr2:166179650","C/T","C","T","rs1867864","SCN2A","NM_021007.2",".",".",".",".",".","100 C(52) T(47)",0.4972,0.5028
"chr2:167099158","G/G","A","G","rs6746030","LOC101929680;BC051759","XM_005246757.1","c.3448N>C","p.Trp1150Arg","P","T","B","82 A(0) G(82)",0.1128,0.8872
"chr2:167137119","G/A","G","A","rs6432893","LOC101929680;BC051759","ENST00000409672",".",".",".",".",".","74 G(39) A(35)",0.4543,0.5457
"chr2:167144974","A/T","A","T","rs6747673","LOC101929680;BC051759","ENST00000409672","c.1287N>A",".",".",".",".","70 A(36) T(34)",0.4533,0.5467
"chr2:167144995","T/C","T","C","rs13402180","LOC101929680;BC051759","ENST00000409672","c.1266N>G",".",".",".",".","70 T(36) C(33)",0.6456,0
"chr2:167145142","A/G","A","G","rs13414203","LOC101929680;BC051759","ENST00000409672","c.1119N>C",".",".",".",".","72 A(43) G(29)",0.6456,0.3544
"chr2:167149693","G/A","G","A","rs7588632","LOC101929680;BC051759","ENST00000452182",".",".",".",".",".","62 G(22) A(40)",0.2584,0.7416
"chr2:167163043","T/C","T","C","rs9646771","SCN9A","NM_002977.3","c.447N>G",".",".",".",".","37 T(16) C(21)",0.3588,0
"chr2:167168093","C/T","C","T","rs6432901","SCN9A","XM_005246757.1","c.174N>A",".",".",".",".","93 C(37) T(56)",0.4257,0.5743
"chr22:46114398","G/T","G","T","rs138156","ATXN10","ENST00000498009",".",".",".",".",".","124 G(53) T(71)",0.6112,0.3888
"chr3:10370486","G/C","G","C","rs4327369","MIR378B;ATP2B2","ENST00000360273",".",".",".",".",".","31 G(13) C(18)",0.5377,0.4623
"chr3:10379923","C/T","C","T","rs35678","ATP2B2","NM_001001331.2","c.3264N>A",".",".",".",".","218 C(104) T(110)",0.4321,0.5679
"chr3:10382111","T/C","T","C","rs171337","ATP2B2","XM_005265180.1",".",".",".",".",".","121 T(56) C(64)",0.241,0.759
"chr3:10382148","G/A","G","A","rs154242","ATP2B2","XM_005265184.1",".",".",".",".",".","106 G(53) A(52)",0.2414,0.7586
"chr3:10442779","C/T","C","T","rs26797","ATP2B2","XM_005265179.1",".",".",".",".",".","108 C(50) T(58)",0.9069,0.09305
"chr3:10443827","G/C","G","C","rs13084776","ATP2B2","ENST00000360273","c.603N>G",".",".",".",".","131 G(68) C(62)",0.8307,0.1693
"chr3:38674712","T/C","T","C","rs6599230","SCN5A","ENST00000413689","c.87N>G",".",".",".",".","186 T(98) C(88)",0.2183,0.7817
"chr3:38945560","G/G","A","G","rs4073113","SCN11A","ENST00000401122","c.1638N>C",".",".",".",".","112 A(0) G(111)",0.3876,0.6124
"chr3:38951753","C/C","T","C","rs7429404","SCN11A","ENST00000456224",".",".",".",".",".","54 T(1) C(53)",0.1072,0.8928
"chr3:63981635","C/T","C","T","rs3733125","ATXN7","ENST00000487717","c.2137N>T",".",".",".",".","62 C(31) T(31)",0.9095,0.09046
"chr3:63982082","G/A","G","A","rs3774729","ATXN7","ENST00000487717","c.2584N>A","p.Val862Met","P","T","B","25 G(14) A(11)",0.5623,0.4377
"chr4:72121163","A/G","A","G","rs4694388","SLC4A4","ENST00000514331",".",".",".",".",".","56 A(28) G(28)",0.7145,0.2855
"chr4:72423624","T/T","C","T","rs1453474","SLC4A4","NM_003759.3",".",".",".",".",".","191 C(0) T(191)",0.2137,0.7863
"chr4:72425863","T/T","C","T","rs1453458","SLC4A4","NM_003759.3","c.3084N>T",".",".",".",".","12 C(0) T(12)",0.2177,0.7823
"chr4:72433642","TG/T","TG","T","rs138389345","SLC4A4","XM_005265703.1",".",".",".",".",".","40 TG(19) T(18)",0.7568,0.2432
"chr5:36680713","C/T","C","T","rs3733811","SLC1A3","NM_001166695.1",".",".",".",".",".","243 C(122) T(121)",0.8087,0.1913
"chr6:16306751","G/A","G","A","rs16885","ATXN1","NM_001128164.1","c.2257N>T","p.Pro753Ser","P","D","B","235 G(108) A(123)",0.8768,0.1228
"chr6:16327615","A/G","A","G","rs179990","ATXN1","NM_000332.3","c.927N>C",".",".",".",".","154 A(71) G(82)",0.2187,0.001198
"chr6:80626375","T/C","T","C","rs3812153","ELOVL4","ENST00000369816","c.895N>G","p.Met299Val","P","T","B","43 T(24) C(19)",0.7584,0.2416
